category,avg_discount,revenue
Electrnics,0.38,213636.3
HomeAppliance,0.42,102310.42
electronics,0.924,38129.78
fashion wear,0.35000000000000003,174030.41
home appliance,0.6466666666666666,44256.65
