month,revenue,quantity,discount_percent
2023-01,5067.26,6.0,0.7749999999999999
2023-02,27961.02,5.0,0.66
2023-03,120610.02,4.0,0.16
2023-04,4915.2,1.0,0.39
2023-05,197909.68,14.0,0.6074999999999999
2023-06,43207.85,5.0,0.42000000000000004
2023-11,0.0,1.0,1.0
NaT,172692.53,12.0,0.6466666666666666
